{
  "shortName" : "5.2 Коллекция плакатов и буклетов",
  "fullName"  : "5.2 Коллекция плакатов и буклетов",
  "document"  : [
    {
      "type"      : "title-2",
      "content"   : "Коллекция плакатов и буклетов",
      "position"  : "center"

    },

    {
      "type"      : "italic",
      "content"   : "Архивный фонд 889, 1 опись. Общее количество единиц хранения–159 за 1937–1989 гг.",
      "position"  : "right"
    },

    {
      "type"      : "paragraph",
      "content"   : "Коллекция собрана сектором партийного архива Института истории партии при ЦК Компартии Казахстана из материалов, присланных в качестве приложений к отчетам архивов областных комитетов Компартии Казахстана и созданных ими.",
      "position"  : "justify"
    },

    {
      "type"      : "paragraph",
      "content"   : "Плакаты и буклеты о гражданской войне и установлении советской власти в Казахстане, В. И. Ленине, организаторе и создателе основ Коммунистической партии, создании и развитии промышленности, культурном строительстве, пионерском, комсомольском, профсоюзном движениях, истории партийных организаций Казахстана, Казахстане в годы Великой Отечественной войны, казахстанских героях Советского Союза и Социалистического труда, освоении целинных и залежных земель, сатирические листки.",
      "position"  : "justify"
    }
  ]
}
