{
  "shortName" : "6.2 Книги, брошюры и журналы (1883 - 2016 гг.)",
  "fullName"  : "6.2 Книги, брошюры и журналы (1883 - 2016 гг.)",
  "document"  : [
    {
      "type"      : "title-2",
      "content"   : "Книги, брошюры и журналы (1883 - 2016 гг.)",
      "position"  : "center"

    },

    {
      "type"      : "paragraph",
      "content"   : "В библиотеке имеются такие периодические издания, как «Авангард Красного Востока» (1921), «Ауыл кәмөнісі» (1932–1938), «Большевик Казахстана» (1931–1952), Ведомости Верховного Совета СССР (1965–1991), Ведомости Парламента Республики Казахстан (1997–2016), Вестник Академии наук КазССР (1946–1991), «Вопросы истории» (194–1979, 2004–2016), «Вопросы истории КПСС» (1958–1989), «Известия» Киргизского Областного Комитета РКП(б) (1920–1924), «Историк-марксист» (1928–1941), «Исторический вестник» (1883–1917), «Исторический журнал» (1937–1945), «История пролетариата СССР» (1930–1935), «Каторга и ссылка» (1933-1935), «Коммунистический Интернационал» (1925-1940), «Красный архив» (1926–1940), «Летописи марксизма» (1926–1930), «На аграрном фронте» (1925–1935), «Народное хозяйство Казахстана» (1926–1989), Постановления Совета Министров КазССР» (1960–1991), «Пролетарская революция» (1921–1941), «Революционный Восток» (1929–1936), «Революция и национальность» (1931–1937), «Собрание узаконений распоряжений Рабоче-Крестьянского Правительства КазССР, издаваемые Народным Комиссариатом Юстиции (1927–1932), «Советская Киргизия» (1923–1925), «Современный мир» (1888–1917).",
      "position"  : "justify"
    },

    {
      "type"      : "paragraph",
      "content"   : "Из современных периодических изданий представлены: «Ақиқат» 1995–2016), «Аныз адам» (2012–2016), «Байтерек» (2011–2016), «Вестник КазНУ им. аль-Фараби» (2014–2007. 2009. 2013–2016),«Вестник университета «Кайнар» (1998–2009), «Вопросы документооборота» (2011–2016), «Жұлдыз» (2004–2016), «Қазақ тарихы»995–2016), «Мысль» (1995–2016), «Нива» (1999, 2013–2015), «Отан тарихы» (1998–2015), «Отечественные архивы» (2004–2016), «Простор» (1997–2015), «Родина» (2011–2015), «Свободная мысль» (2013–2016), Собрание актов Президента и Правительства (1991–2016), «Мирас» (2008–2016), «Справочник кадровика» (204–2016), отдельные номера журналов «Фемида» и «Мир закона».",
      "position"  : "justify"
    },

    {
      "type"      : "paragraph",
      "content"   : "В фонде собрана основнаясправочная литература по истории Коммунистической партии Советского Союза и многочисленные издания разного периода по вопросам истории КП Казахстана и ЛКСМК, партийного строительства, в том числе и документальные сборники по этой проблематике.",
      "position"  : "justify"
    },


    {
      "type"      : "paragraph",
      "content"   : "Фонд содержит книги о жизни и деятельности Ж. Барибаева, Т. Бокина, У. Джандосова, А. Иманова, Т. Жургенова, И. Кабулова, Н. Калашникова, М. Масанчи, С. Нурпеисова, П. Петровского, А. Розыбакиева, Ф. Рузаева, И. Ружейникова, Т. Рыскулова, Н. Сыргабекова, К. Таштитова, Я. Ушакова, Д. Фурманова, С. Царева, С. Шарипова, А. Ярмухамедова и многих других. Сборники о государственных и общественно-политических лидерах Казахстана, изданные в последние годы: Д. Ашимбаев. Кто есть кто в Казахстане (несколько изданий), М. Касымбеков. Первый: Очерки о Президенте Республики Казахстан, Серікбай Бейсембаев: Өнегелі өмір / ред. басқ. Ғ.М. Мұтанов, К. Токаев. Преодоление, Ә. Тарақ. Абылай хан, С. Джиенбаев. Четверть века вместе день за днеми др.",
      "position"  : "justify"
    },

    {
      "type"      : "paragraph",
      "content"   : "Имеется коллекция мемуаров советских военачальников.",
      "position"  : "justify"
    },

    {
      "type"      : "paragraph",
      "content"   : "Библиотека располагает следующими энциклопедическими изданиями: Большая Советская Энциклопедия. 1, 2, 3 издания, Великая Отечественная война. 1941–1945. — М., 1985; Всемирный энциклопедический словарь.— Минск, 2004; Гражданская война и военная интервенция в СССР. — М., 1983, 1987; Казахстан. Национальная энциклопедия. В 5-ти тт.— Алматы, 2006; Қазақстан. Ұлттық энциклопедия. 12 томдық.— Алматы, 1998; Қазақтың ата заңдары. 10 томдық.— Алматы, 2004; Новая Российская энциклопедия в 12-ти тт.— М., 2006.",
      "position"  : "justify"
    }
  ]
}
