{
  "shortName" : "5.3 Архивная коллекция фотоальбомов и альбомов. 1935–1985 гг.",
  "fullName"  : "5.3 Архивная коллекция фотоальбомов и альбомов. 1935–1985 гг.",
  "document"  : [
    {
      "type"      : "title-2",
      "content"   : "Архивная коллекция фотоальбомов и альбомов. 1935–1985 гг.",
      "position"  : "center"
    },

    {
      "type"      : "italic",
      "content"   : "Архивный фонд 893, 1 опись. Общее количество единиц хранения – 69 за 1935–1985 гг.",
      "position"  : "right"
    },

    {
      "type"      : "paragraph",
      "content"   : "Комплекс фотоальбомов отложился и хранился в секторе партийного архива Института истории партии при ЦК Компартии Казахстана. Впоследствии фотоальбомы поступили на хранение без учетных документов и научно-справочного аппарата к ним в Центральный госархив новейшей истории РК. В 1995 г., 2005 г. проводилась научная организация фонда. В опись внесены единицы хранения за 1935–1989 гг. Отдельные фотоальбомы архивной коллекции с уникальными фотодокументами, отнесены к категории «Особо ценные».",
      "position"  : "justify"
    },

    {
      "type"      : "title-3",
      "content"   : "Фотоальбомы 1-го раздела «Участники революционного движения, гражданской войны и социалистического строительства в Казахстане».",
      "position"  : "justify"
    },

    {
      "type"      : "paragraph",
      "content"   : "Портретные снимки коммунистов и комсомольцев 20-х годов ХХ в., краткие биографические данные об активных участницах женского коммунистического движения, встреч ветеранов, выдержки из газет о ветеранах, о жизни и деятельности Маречека Р. П., активного участника установления советской власти в Семиречье.",
      "position"  : "justify"
    },


    {
      "type"      : "title-3",
      "content"   : "Фотоальбомы 2- го раздела «Казахстан в Великой Отечественной войне»",
      "position"  : "justify"
    },

    {
      "type"      : "paragraph",
      "content"   : "Командный состав и бойцы 8-й гвардейской Панфиловской дивизии, отправка 316 стрелковой дивизии на фронт с провожающими председателем СНК КазССР Н. Д. Ундасыновым и первым секретарем ЦК КП (б) Казахстана Н. А. Скворцовым, награждение дивизии Красным знаменем и орденом Красной Звезды, приезд к панфиловцам казахстанской делегации за 1941–1942 гг.",
      "position"  : "justify"
    },

    {
      "type"      : "paragraph",
      "content"   : "Портретные и групповые снимки командного и младшего состава «Краснознаменного крейсера «Киров», фотографии о посещении крейсера партийными, государственными, военными руководителями СССР и КазССР.",
      "position"  : "justify"
    },

    {
      "type"      : "paragraph",
      "content"   : "О работе концертной бригады ЦК КП (б) Казахстана в частях Дальневосточного фронта - (июль–август 1944 г.), воины-казахстанцы, артисты бригады; выдержки из фронтовых газет с отзывами о концертах.",
      "position"  : "justify"
    },

    {
      "type"      : "paragraph",
      "content"   : "Рисунки-портреты командного состава и бойцов-казахов 73-й гвардейской Сталинградской стрелковой дивизии с краткими характеристиками боевых заслуг (1943 г.);",
      "position"  : "justify"
    },

    {
      "type"      : "paragraph",
      "content"   : "О восстановительных работах частей Ленинградского фронта (1944 г.)",
      "position"  : "justify"
    },

    {
      "type"      : "paragraph",
      "content"   : "Об истории 7-й гвардейской армии и входившей в нее 3- гвардейской Краснознаменной Сталинградско-Дунайской стрелковой дивизии (1942–1974 гг.),",
      "position"  : "justify"
    },


    {
      "type"      : "paragraph",
      "content"   : "О ходе военного всеобуча Фрунзенского района  г. Алма-Ата (1942 г.).",
      "position"  : "justify"
    },

    {
      "type"      : "title-3",
      "content"   : "Фотоальбомы 3-го раздела «КПСС и Компартия Казахстана».",
      "position"  : "justify"
    },

    {
      "type"      : "paragraph",
      "content"   : "О фотографии первого секретаря ЦК КП Казахстана Д. А. Кунаева  на различных мероприятиях. О пребывании члена Политбюро ЦК КПСС, первого секретаря ЦК КП Казахстана Кунаева Д. А. и председателя Совета Министров КазССР Ашимова Б. А. в Тургайской обл. в период уборки урожая 1976 г., на строительстве Бартогайского водохранилища Чиликского района  Алма-Атинской обл., о встречах Кунаева Д. А. с избирателями и жителями с. Баканас.",
      "position"  : "justify"
    },

    {
      "type"      : "paragraph",
      "content"   : "Делегаты 24 съезда КПСС, 1971 г.",
      "position"  : "justify"
    },

    {
      "type"      : "paragraph",
      "content"   : "Группа делегатов 25-й Советской районной партийной конференции г. Алма-Ата. 1985 г.",
      "position"  : "justify"
    },
    {
      "type"      : "title-3",
      "content"   : "Фотоальбомы 4-го  раздела «ЛКСМ Казахстана».",
      "position"  : "justify"
    },

    {
      "type"      : "paragraph",
      "content"   : "Об участии комсомольцев в становлении комсомольских организаций в Уральской и Букеевской губерниях, в борьбе с бандитизмом, голодом, беспризорностью, зарождении пионерской организации за 1920–1960 гг.",
      "position"  : "justify"
    },

    {
      "type"      : "paragraph",
      "content"   : "О первых комсомольцах Казахстана за 1918–1930 гг.",
      "position"  : "justify"
    },
    {
      "type"      : "paragraph",
      "content"   : "О строительных объектах республиканских ударных комсомольских строек за 1981–1985 гг.",
      "position"  : "justify"
    },

    {
      "type"      : "paragraph",
      "content"   : "Об областных, районных и первичных комсомольских организациях республики, проводивших активную работу по мобилизации комсомольцев и молодежи на уборку урожая, а также о передовых механизаторах, комсомольско-молодеж-ных бригадах областей.",
      "position"  : "justify"
    },

    {
      "type"      : "paragraph",
      "content"   : "О комсомольцах на фронте Великой Отечественной войны и в тылу.",
      "position"  : "justify"
    },
    {
      "type"      : "paragraph",
      "content"   : "Об участниках комсомольских слетов.",
      "position"  : "justify"
    },

    {
      "type"      : "title-3",
      "content"   : "Фотоальбомы 5-го раздела «Пионерская организация им. В. И. Ленина».",
      "position"  : "justify"
    },

    {
      "type"      : "paragraph",
      "content"   : "Фотографии о встречах с почетными людьми, участниками установления советской власти, субботников, походов, уборки урожая, приема в пионеры, комсомол, о комнате Боевой славы Сындыктавской школы-интерната, о пребывании казахстанских пионеров в г. Николаеве (Украина), эпизоды игры \"Зарница\".",
      "position"  : "justify"
    },
    {
      "type"      : "title-3",
      "content"   : "Фотоальбомы 6-го  раздела «Наглядная агитация».",
      "position"  : "justify"
    },

    {
      "type"      : "paragraph",
      "content"   : "Фоторепродукцииплакатов, диаграмм  динамики роста производства и отраслей сельского хозяйства Восточно-Казахстанской обл., стендов наглядной агитации на улицах, парткабинетах, о проведении политучебы на полевом стане, агитбесед.",
      "position"  : "justify"
    },

    {
      "type"      : "title-3",
      "content"   : "Фотоальбомы 7-го  раздела «Юбилеи, награждения».",
      "position"  : "justify"
    },
    {
      "type"      : "paragraph",
      "content"   : "Фотографии о праздновании 15-летия,, 60 летия республики, о  пребывании председателя ЦИК СССР Калинина М. И. в Казахстане.",
      "position"  : "justify"
    },

    {
      "type"      : "title-3",
      "content"   : "Фотоальбомы 8-го раздела «Органы МВД Казахской ССР».",
      "position"  : "justify"
    },

    {
      "type"      : "paragraph",
      "content"   : "Фотографии о ветеранах милиции республики за 1920–1967 гг.",
      "position"  : "justify"
    },

    {
      "type"      : "title-3",
      "content"   : "Фотоальбомы 9-го раздела «Промышленность»",
      "position"  : "justify"
    },

    {
      "type"      : "paragraph",
      "content"   : "Фотографии о строительстве Семипалатинской ТЭЦ, монтаже иностранного оборудования фирм, посещении стройки первым секретарем Казкрайкома ВКП (б) Мирзояном Л. И.  заводе № 441, Чимкентском заводе прессов-автоматов, Зыряновском свинцовом комбинате, строительстве г. Рудного;",
      "position"  : "justify"
    },

    {
      "type"      : "title-3",
      "content"   : "Фотоальбомы 10-го раздела «Сельское хозяйство».",
      "position"  : "justify"
    },

    {
      "type"      : "paragraph",
      "content"   : "Фотографии об истории Таласского каракулеводческого совхоза Джамбулской обл. 1930–1967 гг.;",
      "position"  : "justify"
    },

    {
      "type"      : "paragraph",
      "content"   : "овчарня арочного типа колхоза им. Ленина Джамбулского р. Алма-Атинской обл. 1985 г.",
      "position"  : "justify"
    },

    {
      "type"      : "title-3",
      "content"   : "Фотоальбомы 11-го раздела «Передовики производства».",
      "position"  : "justify"
    },

    {
      "type"      : "paragraph",
      "content"   : "Фотографии женщин-передовиков сельского хозяйства, промышленности и транспорта Кировского района Восточно-Казахстанской обл. 1949 г.;",
      "position"  : "justify"
    },

    {
      "type"      : "paragraph",
      "content"   : "участников 13-го районного слета передовиков производства и ударников труда Советского района. г. Алма-Ата. 1985 г.;",
      "position"  : "justify"
    },

    {
      "type"      : "title-3",
      "content"   : "Фотоальбомы 12-го раздела «Профессионально-техническое образование».",
      "position"  : "justify"
    },

    {
      "type"      : "paragraph",
      "content"   : "Фотографии мастера школы ФЗО №62, Алма-Ата 1943 г.",
      "position"  : "justify"
    },

    {
      "type"      : "title-3",
      "content"   : "Фотоальбомы 13-го раздела «Выставка достижений народного хозяйства».",
      "position"  : "justify"
    },

    {
      "type"      : "paragraph",
      "content"   : "Фотографииоб открытии выставки, павильонов колхозов, совхозов, промышленных предприятий Актюбинской обл., 1959 г.",
      "position"  : "justify"
    },

    {
      "type"      : "title-3",
      "content"   : "Фотоальбомы 14-го раздела «Академия наук Казахстана».",
      "position"  : "justify"
    },

    {
      "type"      : "paragraph",
      "content"   : "Фотографииоб экспедиции по обследованию естественных зарослей кендыря в низовьях реки Или, 1949 г.",
      "position"  : "justify"
    },

    {
      "type"      : "title-3",
      "content"   : "Фотоальбомы 15 раздела «Театры».",
      "position"  : "justify"
    },

    {
      "type"      : "paragraph",
      "content"   : "Фотографии Государственного театра для детей и юношества Казахстана, 1945 г.",
      "position"  : "justify"
    }
  ]
}
