{
  "shortName" : "6.3 Газеты (1900-2016 гг.)",
  "fullName"  : "6.3 Газеты (1900-2016 гг.)",
  "document"  : [
    {
      "type"      : "title-2",
      "content"   : "Газеты (1900-2016 гг.)",
      "position"  : "center"

    },

    {
      "type"      : "paragraph",
      "content"   : "Газетный фонд представлен: «Ана тілі» (2004–2016), «Егемен Қазақстан» (1993–2016); «Известия» (1933–1934); «Искра». Выпуски 1–6 (1900–1903); «Казахстанская правда» (1993–1934, 1979-1984 – неполные комплекты; 1993–2016); «Комсомольская правда» (1998–2016); «Наука Казахстана» (1997–1999); «Правда» (1917, 1940–1988); «Социалистік Қазақстан» (1981–1982; 1984–1985); «Юридическая газета» (1997–1999; 2011–2015).",
      "position"  : "justify"
    }
  ]
}
