{
  "shortName" : "6.1 Библиотечный и справочно-информационный фонд. Общие сведения о фондах библиотек",
  "fullName"  : "6.1 Библиотечный и справочно-информационный фонд. Общие сведения о фондах библиотек",
  "document"  : [

    {
      "type"      : "title-2",
      "content"   : "6. Библиотечные фонды",
      "position"  : "center"
    },

    {
      "type"      : "title-3",
      "content"   : "Библиотечный и справочно-информационный фонд. Общие сведения о фондах библиотек",
      "position"  : "center"
    },

    {
      "type"      : "paragraph",
      "content"   : "Библиотека Архива Президента РК образована на базе библиотек Казахстанского института стратегических исследований и части фонда библиотеки Института истории партии при ЦК КП Казахстана.",
      "position"  : "justify"
    },

    {
      "type"      : "paragraph",
      "content"   : "В фонде библиотеки на 1 января 2016 г. Содержится свыше 45 тыс. книг, 4 тыс. подшивок газет и более 16 тыс. экз. журналов.",
      "position"  : "justify"
    },

    {
      "type"      : "paragraph",
      "content"   : "В библиотеке создана электронная база данных (электронный каталог «Библиотечный фонд»).",
      "position"  : "justify"
    }
  ]
}
