{
  "shortName" : "4.3 Ленинский Коммунистический Союз Молодежи Казахстана",
  "fullName"  : "4.3 Ленинский Коммунистический Союз Молодежи Казахстана",
  "document"  : [
    {
      "type"      : "title-2",
      "content"   : "Управления делами высших государственных органов Казахской ССР",
      "position"  : "center"
    },

    {
      "type"  : "table",
      "head"  : [
        {
          "content" : "Номер фондов",
          "sizeX"   : "1",
          "sizeY"   : "1"
        },

        {
          "content" : "Название фондов или группы фондов",
          "sizeX"   : "1",
          "sizeY"   : "1"
        },

        {
          "content" : "Крайние даты документов",
          "sizeX"   : "2",
          "sizeY"   : "1"
        },

        {
          "content" : "Категория фондов",
          "sizeX"   : "1",
          "sizeY"   : "1"
        },

        {
          "content" : "Количество единиц хранения",
          "sizeX"   : "1",
          "sizeY"   : "1"
        }
      ],

      "body"  : [
        [
          {
            "content" : "1",
            "sizeX"   : "1",
            "sizeY"   : "1"
          },

          {
            "content" : "2",
            "sizeX"   : "1",
            "sizeY"   : "1"
          },

          {
            "content" : "3",
            "sizeX"   : "2",
            "sizeY"   : "1"
          },

          {
            "content" : "4",
            "sizeX"   : "1",
            "sizeY"   : "1"
          },

          {
            "content" : "5",
            "sizeX"   : "1",
            "sizeY"   : "1"
          }
        ],

        [
          {
            "content" : "76",
            "sizeX"   : "1",
            "sizeY"   : "1"
          },

          {
            "content" : "Производственное объединение Совета Министров Казахской ССР.",
            "sizeX"   : "1",
            "sizeY"   : "1"
          },

          {
            "content" : "1933",
            "sizeX"   : "1",
            "sizeY"   : "1"
          },

          {
            "content" : "1991",
            "sizeX"   : "1",
            "sizeY"   : "1"
          },

          {
            "content" : "2 кат.",
            "sizeX"   : "1",
            "sizeY"   : "1"
          },

          {
            "content" : "2024",
            "sizeX"   : "1",
            "sizeY"   : "1"
          }
        ],


        [
          {
            "content" : "169",
            "sizeX"   : "1",
            "sizeY"   : "1"
          },

          {
            "content" : "Лечебно-оздоровительное объединение при Совете Министров Казахской ССР.",
            "sizeX"   : "1",
            "sizeY"   : "1"
          },

          {
            "content" : "1964",
            "sizeX"   : "1",
            "sizeY"   : "1"
          },

          {
            "content" : "1991",
            "sizeX"   : "1",
            "sizeY"   : "1"
          },

          {
            "content" : "1 кат.",
            "sizeX"   : "1",
            "sizeY"   : "1"
          },

          {
            "content" : "1165",
            "sizeX"   : "1",
            "sizeY"   : "1"
          }
        ]
      ]
    }
  ]
}
