{
  "shortName" : "5.4 Архивная коллекция фотодокументов (фототека). 1907-1997 гг.",
  "fullName"  : "5.4 Архивная коллекция фотодокументов (фототека). 1907-1997 гг.",
  "document"  : [
    {
      "type"      : "title-2",
      "content"   : "Архивная коллекция фотодокументов (фототека). 1907-1997 гг.",
      "position"  : "center"
    },

    {
      "type"      : "italic",
      "content"   : "Архивный фонд 896, 3 описи. Общее количество единиц хранения–10562 за 1855–1997 гг.",
      "position"  : "right"
    },
    {
      "type"      : "paragraph",
      "content"   : "Коллекция была сформирована в 1960–1980 гг. сектором партийного архива Института истории партии при ЦК Компартии Казахстана в ходе работы над документальными сборниками и сбора воспоминаний ветеранов партии, комсомола, Великой Отечественной войны и т д. В 2006–2007, 2009–2010 гг. проводилась поэтапная научная организация фотодокументов. В результате на постоянное хранение отобран 551 фотодокумент (позитивы), описанный на 10 разделах (10 описей), каждый из которых, представлен по определенной тематике.",
      "position"  : "justify"
    },

    {
      "type"      : "paragraph",
      "content"   : "Раздел описи №1 (продолжение) с № 5301–5331 за 1885–1891 гг. - фотодокументы дореволюционного периода. Репродукция с позитивов, хранящихся в ЦГА кинофотодокументов г. Санкт-Петербурга.",
      "position"  : "justify"
    },

    {
      "type"      : "paragraph",
      "content"   : "Раздел описи №1 (продолжение) с № 5332–5541, 5853–5987 за 1927–1987 гг. - о промышленности, строительстве и архитектуре городов республики Казахстан.",
      "position"  : "justify"
    },


    {
      "type"      : "paragraph",
      "content"   : "Раздел описи №1 (продолжение) с № 5542–5697 за 1924–1984 гг. - о развитии сельского хозяйства в республике.",
      "position"  : "justify"
    },

    {
      "type"      : "paragraph",
      "content"   : "Раздел описи №1 (продолжение) с № 5698–5716 за 1941–1950 гг. - об участии казахстанцев в Великой Отечественной войне.",
      "position"  : "justify"
    },

    {
      "type"      : "paragraph",
      "content"   : "Раздел описи №1 (продолжение) с № 5717–5824 за 1923–1991 гг., №5988–6195 за 1920–1991 гг. - об общественно-политической жизни, образовании и культуре Казахстане, в том числе о партийной печати в 20–30-х гг. ХХ в. и портретные снимки государственных и партийных деятелей Казахстана (расположены по алфавиту).",
      "position"  : "justify"
    },

    {
      "type"      : "paragraph",
      "content"   : "Раздел описи №1 (продолжение) с № 5825–5852 за 1954–1985 гг. - о деятельности Института истории партии при ЦК Компартии Казахстана.",
      "position"  : "justify"
    },

    {
      "type"      : "paragraph",
      "content"   : "Раздел описи №1 (продолжение) с № 6196–6222 за 1933–1994 гг. о ветеранах архивного дела Казахстана.",
      "position"  : "justify"
    }
  ]
}
